{"min": [-0.816359, -0.319449, -0.534309], "max": [0.747378, 0.395877, 0.497091]}