{"min": [-0.840639, -0.614046, -0.270908], "max": [0.817244, 0.596092, 0.257929]}